{"color":{"r":0.9294117647058824,"b":0.3058823529411764,"g":0.2196078431372549,"a":1},"index":6,"category":"Colors"}