{"color":{"r":0.9617109894752502,"b":0.1385422945022583,"g":0.6503673195838928,"a":1},"index":9,"category":"Colors"}