{"color":{"r":0.2196078431,"b":0.2352941176,"g":0.5568627451,"a":1},"index":0,"category":"Colors"}