{"color":{"r":0.1647058823529411,"b":0.5058823529411764,"g":0.3450980392156863,"a":1},"index":7,"category":"Colors"}