{"color":{"r":0.8784313725490196,"b":0.8784313725490196,"g":0.8784313725490196,"a":1},"index":3,"category":"Colors"}