{"color":{"r":0.9607843136999999,"b":0,"g":0.4862745098,"a":1},"index":1,"category":"Colors"}