{"color":{"r":0.3818640935614189,"b":0.09151104610088984,"g":0.6335034013605442,"a":1},"index":10,"category":"Colors"}