{"color":{"r":0.3803921568627451,"b":0.3803921568627451,"g":0.3803921568627451,"a":1},"index":2,"category":"Colors"}