{"color":{"r":0.2313725490196079,"b":0.6823529411764705,"g":0.7450980392156863,"a":1},"index":8,"category":"Colors"}