{"color":{"r":0.4117647058823529,"b":0.788235294117647,"g":0.611764705882353,"a":1},"index":4,"category":"Colors"}